,load_mw,charging_mw,discharging_mw,combined_mw,net_load
2024-01-02 16:30:00,9.669572099000002,0.0,0.0,9.669572099000002,9.669572099000002
2024-01-02 16:45:00,10.12427339,0.0,0.0,10.12427339,10.12427339
2024-01-02 17:00:00,9.819886929,0.0,0.0,9.819886929,9.819886929
2024-01-02 17:15:00,9.659922778,0.0,0.0,9.659922778,9.659922778
2024-01-02 17:30:00,9.755619377,0.0,0.0,9.755619377,9.755619377
2024-01-02 17:45:00,9.67679218,0.0,0.0,9.67679218,9.67679218
2024-01-06 16:45:00,9.629066705,0.0,0.8289,9.629066705,8.800166704999999
2024-01-09 16:30:00,9.731148983,0.0,0.0,9.731148983,9.731148983
2024-01-09 16:45:00,9.932104392,0.0,0.0,9.932104392,9.932104392
2024-01-09 17:00:00,9.731096456,0.0,0.0,9.731096456,9.731096456
2024-01-10 14:45:00,9.575698417,0.0,0.0,9.575698417,9.575698417
2024-01-10 15:00:00,9.65920848,0.0,0.0,9.65920848,9.65920848
2024-01-10 15:15:00,9.84022958,0.0,0.0,9.84022958,9.84022958
2024-01-10 15:30:00,10.0051993,0.0,0.8289000000000001,10.0051993,9.176299299999998
2024-01-10 15:45:00,10.22648261,0.0,0.8289000000000009,10.22648261,9.397582609999999
2024-01-10 16:00:00,10.55965222,0.0,0.0,10.55965222,10.55965222
2024-01-10 16:15:00,10.89023457,0.0,0.0,10.89023457,10.89023457
2024-01-10 16:30:00,11.15906411,0.0,0.0,11.15906411,11.15906411
2024-01-10 16:45:00,11.23073316,0.0,0.0,11.23073316,11.23073316
2024-01-10 17:00:00,11.12178705,0.0,0.0,11.12178705,11.12178705
2024-01-10 17:15:00,10.95196073,0.0,0.0,10.95196073,10.95196073
2024-01-10 17:30:00,10.87799289,0.0,0.0,10.87799289,10.87799289
2024-01-10 17:45:00,10.74239646,0.0,0.0,10.74239646,10.74239646
2024-01-10 18:00:00,10.48693428,0.0,0.0,10.48693428,10.48693428
2024-01-10 18:15:00,10.30445911,0.0,0.0,10.30445911,10.30445911
2024-01-10 18:30:00,10.04492401,0.0,0.0,10.04492401,10.04492401
2024-01-10 18:45:00,9.860377658,0.0,0.0,9.860377658,9.860377658
2024-01-10 19:00:00,9.699209543,0.0,0.0,9.699209543,9.699209543
2024-01-16 12:30:00,9.707806318,0.0,0.0,9.707806318,9.707806318
2024-01-16 12:45:00,9.797874843,0.0,0.0,9.797874843,9.797874843
2024-01-16 13:00:00,9.914004259,0.0,0.0,9.914004259,9.914004259
2024-01-16 13:15:00,9.559720478,0.0,0.0,9.559720478,9.559720478
2024-01-16 13:30:00,9.728261506,0.0,0.0,9.728261506,9.728261506
2024-01-16 13:45:00,10.02759047,0.0,0.0,10.02759047,10.02759047
2024-01-16 14:00:00,10.2230103,0.754299,0.0,10.9773093,10.2230103
2024-01-16 14:15:00,10.1743814,0.0,0.0,10.1743814,10.1743814
2024-01-16 14:30:00,10.187861430000002,0.0,0.0,10.187861430000002,10.187861430000002
2024-01-16 14:45:00,10.22807271,0.0,0.0,10.22807271,10.22807271
2024-01-16 15:00:00,10.3272621,0.0,0.0,10.3272621,10.3272621
2024-01-16 15:15:00,10.34409232,0.0,2.220446049250313e-16,10.34409232,10.34409232
2024-01-16 15:30:00,10.40000923,0.0,0.0,10.40000923,10.40000923
2024-01-16 15:45:00,10.566204,0.0,0.674951037475573,10.566204,9.891252962524428
2024-01-16 16:00:00,10.85564436,0.0,0.0,10.85564436,10.85564436
2024-01-16 16:15:00,11.26701853,0.0,0.8289,11.26701853,10.43811853
2024-01-16 16:30:00,10.86175332,0.0,0.0,10.86175332,10.86175332
2024-01-16 16:45:00,11.26545587,0.0,0.0,11.26545587,11.26545587
2024-01-16 17:00:00,11.00745689,0.0,0.0,11.00745689,11.00745689
2024-01-16 17:15:00,10.90929523,0.0,0.0,10.90929523,10.90929523
2024-01-16 17:30:00,10.45692005,0.0,0.0,10.45692005,10.45692005
2024-01-17 07:00:00,9.924498675,0.7542989999999998,0.0,10.678797675,9.924498675
2024-01-17 07:15:00,10.02761585,0.754299,0.0,10.78191485,10.02761585
2024-01-17 07:30:00,9.814215017,0.0,0.0,9.814215017,9.814215017
2024-01-17 07:45:00,9.888267464,0.0,0.0,9.888267464,9.888267464
2024-01-17 08:00:00,10.25626715,0.754299,0.0,11.010566149999999,10.25626715
2024-01-17 08:15:00,9.966539827,0.7542990000000005,0.0,10.720838827000001,9.966539827
2024-01-17 08:30:00,9.77555788,0.754299,0.0,10.529856879999999,9.77555788
2024-01-17 15:30:00,9.674219778,0.0,0.8289,9.674219778,8.845319778
2024-01-17 15:45:00,9.889307998,0.0,0.0,9.889307998,9.889307998
2024-01-17 16:00:00,10.28997303,0.0,0.0,10.28997303,10.28997303
2024-01-17 16:15:00,10.839982,0.0,0.0,10.839982,10.839982
2024-01-17 16:30:00,11.15337178,0.0,0.0,11.15337178,11.15337178
2024-01-17 16:45:00,11.39730312,0.0,0.0,11.39730312,11.39730312
2024-01-17 17:00:00,11.22519866,0.0,0.0,11.22519866,11.22519866
2024-01-17 17:15:00,11.03133136,0.0,0.0,11.03133136,11.03133136
2024-01-17 17:30:00,11.00436443,0.0,0.0,11.00436443,11.00436443
2024-01-17 17:45:00,10.92339635,0.0,0.0,10.92339635,10.92339635
2024-01-17 18:00:00,10.66061613,0.0,0.0,10.66061613,10.66061613
2024-01-17 18:15:00,10.37774035,0.0,0.0,10.37774035,10.37774035
2024-01-17 18:30:00,10.28676679,0.0,0.0,10.28676679,10.28676679
2024-01-17 18:45:00,10.14908648,0.0,0.0,10.14908648,10.14908648
2024-01-17 19:00:00,10.07610382,0.754299,0.0,10.83040282,10.07610382
2024-01-17 19:15:00,9.787579114,0.754299,0.0,10.541878114,9.787579114
2024-01-17 19:30:00,9.722010441,0.754299,0.0,10.476309441,9.722010441
2024-01-18 07:00:00,9.86813169,0.0,0.0,9.86813169,9.86813169
2024-01-18 07:15:00,9.655431673,0.0,0.0,9.655431673,9.655431673
2024-01-18 07:30:00,9.961420476,0.0,0.8289000000000001,9.961420476,9.132520476
2024-01-18 07:45:00,9.811229497,0.0,0.8288999999999991,9.811229497,8.982329497
2024-01-18 08:00:00,9.789831574,0.0,0.0,9.789831574,9.789831574
2024-01-19 07:15:00,9.660761886,0.0,0.0,9.660761886,9.660761886
2024-01-19 07:30:00,9.974591516,0.0,0.0,9.974591516,9.974591516
2024-01-19 07:45:00,9.601091575,0.0,0.8289000000000001,9.601091575,8.772191574999999
2024-01-19 08:00:00,10.14089065,0.0,0.0,10.14089065,10.14089065
2024-01-19 08:15:00,9.614932395,0.0,0.0,9.614932395,9.614932395
2024-01-19 08:45:00,9.575368055,0.0,0.0,9.575368055,9.575368055
2024-01-19 15:45:00,9.653047066,0.0,2.6645352591003757e-15,9.653047066,9.653047065999996
2024-01-19 16:00:00,9.836913509,0.0,0.8289,9.836913509,9.008013509000001
2024-01-19 16:15:00,10.4685337,0.0,0.8289000000000001,10.4685337,9.6396337
2024-01-19 16:30:00,10.87693572,0.0,0.8289,10.87693572,10.048035720000001
2024-01-19 16:45:00,11.23890738,0.0,0.8289000000000001,11.23890738,10.41000738
2024-01-19 17:00:00,11.17252419,0.0,0.0,11.17252419,11.17252419
2024-01-19 17:15:00,11.00735191,0.0,0.0,11.00735191,11.00735191
2024-01-19 17:30:00,11.02665933,0.0,0.0,11.02665933,11.02665933
2024-01-19 17:45:00,10.56773589,0.0,0.0,10.56773589,10.56773589
2024-01-19 18:00:00,10.42640982,0.0,0.0,10.42640982,10.42640982
2024-01-19 18:15:00,10.16051838,0.0,0.0,10.16051838,10.16051838
2024-01-19 18:30:00,10.02854009,0.0,0.0,10.02854009,10.02854009
2024-01-19 18:45:00,10.39801267,0.0,0.0,10.39801267,10.39801267
2024-01-19 19:00:00,10.22213876,0.754299,0.0,10.97643776,10.22213876
2024-01-19 19:15:00,9.975961753,0.7542990000000005,0.0,10.730260753,9.975961753
2024-01-19 19:30:00,9.726587414,0.754299,0.0,10.480886414,9.726587414
2024-01-19 19:45:00,9.528693719,0.7542989999999996,0.0,10.282992719,9.528693719
2024-01-20 08:30:00,9.741907022,0.0,0.0,9.741907022,9.741907022
2024-01-20 08:45:00,10.06916983,0.0,4.440892098500626e-16,10.06916983,10.06916983
2024-01-20 09:00:00,10.29239522,0.0,0.0,10.29239522,10.29239522
2024-01-20 09:15:00,9.719693466,0.0,0.0,9.719693466,9.719693466
2024-01-20 09:30:00,9.889446271,0.0,4.440892098500626e-16,9.889446271,9.889446271
2024-01-20 09:45:00,10.07340521,0.0,0.0,10.07340521,10.07340521
2024-01-20 10:00:00,9.907940247,0.0,0.8289,9.907940247,9.079040247000002
2024-01-20 10:15:00,9.746267253,0.0,0.8289000000000001,9.746267253,8.917367252999998
2024-01-20 10:45:00,9.556566661000002,0.754299,0.0,10.310865661000001,9.556566661000002
2024-01-20 11:00:00,9.754784716,0.0,0.0,9.754784716,9.754784716
2024-01-20 11:15:00,9.788550027,0.754299,0.0,10.542849026999999,9.788550027
2024-01-20 11:30:00,9.849758686,0.6901541237353843,0.0,10.539912809735384,9.849758686
2024-01-20 11:45:00,9.76342724,0.754299,0.0,10.51772624,9.76342724
2024-01-20 12:00:00,9.925734031,0.0,0.0,9.925734031,9.925734031
2024-01-20 12:15:00,9.984920449,0.0,0.0,9.984920449,9.984920449
2024-01-20 12:30:00,9.9148142,0.0,0.0,9.9148142,9.9148142
2024-01-20 12:45:00,9.85489453,0.0,0.0,9.85489453,9.85489453
2024-01-20 13:00:00,9.932917598,0.0,0.0,9.932917598,9.932917598
2024-01-20 13:15:00,9.829581781,0.0,0.0,9.829581781,9.829581781
2024-01-20 13:30:00,10.01304181,0.0,0.0,10.01304181,10.01304181
2024-01-20 13:45:00,9.808139369,0.0,0.0,9.808139369,9.808139369
2024-01-20 14:00:00,9.582242168,0.7542990000000005,0.0,10.336541168,9.582242168
2024-01-20 15:45:00,9.571537183,0.0,0.8289000000000001,9.571537183,8.742637183
2024-01-20 16:00:00,9.800220548,0.0,0.8288999999999995,9.800220548,8.971320548000001
2024-01-20 16:15:00,10.08604258,0.0,0.8288999999999997,10.08604258,9.257142580000002
2024-01-20 16:30:00,10.23391222,0.0,0.8289000000000001,10.23391222,9.40501222
2024-01-20 16:45:00,10.648759040000002,0.0,0.8289,10.648759040000002,9.81985904
2024-01-20 17:00:00,10.72684388,0.0,0.0,10.72684388,10.72684388
2024-01-20 17:15:00,10.20352887,0.0,0.0,10.20352887,10.20352887
2024-01-20 17:30:00,9.812720818,0.0,0.0,9.812720818,9.812720818
2024-01-20 17:45:00,9.693125432,0.0,0.0,9.693125432,9.693125432
2024-01-20 18:00:00,9.682497918,0.0,0.0,9.682497918,9.682497918
2024-01-21 16:15:00,9.655127052,0.0,0.0,9.655127052,9.655127052
2024-01-21 16:30:00,9.975402772,0.0,0.0,9.975402772,9.975402772
2024-01-21 16:45:00,10.10885856,0.0,0.0,10.10885856,10.10885856
2024-01-21 17:00:00,10.00884307,0.0,0.0,10.00884307,10.00884307
2024-01-21 17:15:00,10.00581717,0.0,0.0,10.00581717,10.00581717
2024-01-21 17:30:00,9.882934817,0.0,0.0,9.882934817,9.882934817
2024-01-21 17:45:00,9.766249379,0.0,0.0,9.766249379,9.766249379
2024-01-21 18:00:00,9.749740781,0.0,0.0,9.749740781,9.749740781
2024-01-21 18:15:00,9.571809507,0.0,0.0,9.571809507,9.571809507
2024-01-22 16:15:00,9.547687611,0.0,0.8289000000000001,9.547687611,8.718787611
2024-01-22 16:30:00,9.831847138,0.0,0.0,9.831847138,9.831847138
2024-01-22 16:45:00,10.08145675,0.0,0.0,10.08145675,10.08145675
2024-01-22 17:00:00,10.04364579,0.0,0.0,10.04364579,10.04364579
2024-01-22 17:15:00,9.797550524,0.0,0.0,9.797550524,9.797550524
2024-01-23 07:00:00,9.675434883,0.0,0.0,9.675434883,9.675434883
2024-01-23 07:15:00,9.874203818,0.0,0.8288999999999991,9.874203818,9.045303818
2024-01-23 07:30:00,9.920001212,0.0,0.8289000000000001,9.920001212,9.091101212
2024-01-23 07:45:00,10.14630267,0.0,0.8289000000000009,10.14630267,9.31740267
2024-01-23 08:00:00,10.1922861,0.0,0.8289000000000001,10.1922861,9.3633861
2024-01-23 08:15:00,10.23840415,0.0,0.8289000000000009,10.23840415,9.409504149999998
2024-01-23 08:30:00,10.26390854,0.0,0.8289000000000001,10.26390854,9.435008539999998
2024-01-23 08:45:00,10.32157452,0.0,0.8289,10.32157452,9.492674520000001
2024-01-23 09:00:00,10.26237381,0.0,0.0,10.26237381,10.26237381
2024-01-23 09:15:00,10.1994643,0.0,0.0,10.1994643,10.1994643
2024-01-23 09:30:00,10.28029823,0.7542989999999996,0.0,11.03459723,10.28029823
2024-01-23 09:45:00,10.18791557,0.754299,0.0,10.942214569999999,10.18791557
2024-01-23 10:00:00,10.1485558,0.7542989999999996,0.0,10.9028548,10.1485558
2024-01-23 10:15:00,9.890438239,0.754299,0.0,10.644737239,9.890438239
2024-01-23 10:30:00,9.839616671,0.7542989999999978,0.0,10.593915670999998,9.839616671
2024-01-23 10:45:00,9.75277042,0.754299,0.0,10.507069419999999,9.75277042
2024-01-23 11:00:00,9.552817225,0.7542989999999996,0.0,10.307116225,9.552817225
2024-01-23 15:45:00,9.640802855,0.0,0.0,9.640802855,9.640802855
2024-01-23 16:00:00,10.00079703,0.0,0.0,10.00079703,10.00079703
2024-01-23 16:15:00,10.5459098,0.0,0.0,10.5459098,10.5459098
2024-01-23 16:30:00,10.98863494,0.0,0.0,10.98863494,10.98863494
2024-01-23 16:45:00,11.1456754,0.0,0.0,11.1456754,11.1456754
2024-01-23 17:00:00,10.99491923,0.0,0.0,10.99491923,10.99491923
2024-01-23 17:15:00,10.89990674,0.0,0.0,10.89990674,10.89990674
2024-01-23 17:30:00,10.86648284,0.0,0.0,10.86648284,10.86648284
2024-01-23 17:45:00,10.66185663,0.0,0.0,10.66185663,10.66185663
2024-01-23 18:00:00,10.30579097,0.0,0.0,10.30579097,10.30579097
2024-01-23 18:15:00,10.33233014,0.0,0.0,10.33233014,10.33233014
2024-01-23 18:30:00,10.06575048,0.0,0.0,10.06575048,10.06575048
2024-01-23 18:45:00,9.834495727,0.0,0.0,9.834495727,9.834495727
2024-01-23 19:00:00,9.679793941,0.0,0.0,9.679793941,9.679793941
2024-01-24 07:00:00,9.678323279,0.754299,0.0,10.432622279,9.678323279
2024-01-24 07:15:00,9.774160945,0.0,0.0,9.774160945,9.774160945
2024-01-24 07:30:00,9.894060947,0.0,0.0,9.894060947,9.894060947
2024-01-24 07:45:00,10.06744951,0.0,0.8289000000000004,10.06744951,9.238549509999999
2024-01-24 08:00:00,10.24652258,0.0,0.0,10.24652258,10.24652258
2024-01-24 08:15:00,10.09743825,0.0,0.0,10.09743825,10.09743825
2024-01-24 08:30:00,10.23800931,0.0,0.0,10.23800931,10.23800931
2024-01-24 08:45:00,10.3572777,0.0,0.0,10.3572777,10.3572777
2024-01-24 09:00:00,10.44536061,0.0,0.0,10.44536061,10.44536061
2024-01-24 09:15:00,10.26309437,0.0,0.8289000000000001,10.26309437,9.434194369999998
2024-01-24 09:30:00,10.22593838,0.0,0.0,10.22593838,10.22593838
2024-01-24 09:45:00,10.32880667,0.0,0.0,10.32880667,10.32880667
2024-01-24 10:00:00,10.2252526,0.0,0.0,10.2252526,10.2252526
2024-01-24 10:15:00,10.11071406,0.7542990000000003,0.0,10.865013059999999,10.11071406
2024-01-24 10:30:00,10.14194472,0.754299,0.0,10.89624372,10.14194472
2024-01-24 10:45:00,9.981426472,0.754299,0.0,10.735725472,9.981426472
2024-01-24 11:00:00,9.959029645,0.0,0.0,9.959029645,9.959029645
2024-01-24 11:15:00,9.873672455,0.0,0.0,9.873672455,9.873672455
2024-01-24 11:30:00,9.845262446,0.754299,0.0,10.599561446,9.845262446
2024-01-24 11:45:00,9.854392234,0.7542990000000005,0.0,10.608691234000002,9.854392234
2024-01-24 12:00:00,9.858437927,0.0,0.0,9.858437927,9.858437927
2024-01-24 12:15:00,9.946764033,0.0,0.0,9.946764033,9.946764033
2024-01-24 12:30:00,9.742794483,0.0,0.0,9.742794483,9.742794483
2024-01-24 12:45:00,9.729430817,0.0,0.0,9.729430817,9.729430817
2024-01-24 13:00:00,9.81945024,0.0,0.0,9.81945024,9.81945024
2024-01-24 13:15:00,9.75196323,0.0,0.0,9.75196323,9.75196323
2024-01-24 13:30:00,9.708065614,0.0,0.0,9.708065614,9.708065614
2024-01-24 13:45:00,9.909146362,0.0,0.0,9.909146362,9.909146362
2024-01-24 14:00:00,9.917496648,0.0,0.0,9.917496648,9.917496648
2024-01-24 14:15:00,9.935707053,0.0,0.0,9.935707053,9.935707053
2024-01-24 14:30:00,9.894146159,0.0,0.0,9.894146159,9.894146159
2024-01-24 14:45:00,9.93531175,0.0,0.0,9.93531175,9.93531175
2024-01-24 15:00:00,9.978768881,0.0,0.8289000000000001,9.978768881,9.149868881
2024-01-24 15:15:00,9.933455474,0.0,0.8288999999999995,9.933455474,9.104555474000001
2024-01-24 15:30:00,10.00135486,0.0,0.8289000000000001,10.00135486,9.172454859999998
2024-01-24 15:45:00,10.23255245,0.754299,0.0,10.98685145,10.23255245
2024-01-24 16:00:00,10.42855282,0.754299,0.0,11.18285182,10.42855282
2024-01-24 16:15:00,10.81847414,0.7542989999999996,0.0,11.572773139999999,10.81847414
2024-01-24 16:30:00,11.17874868,0.0,0.0,11.17874868,11.17874868
2024-01-24 16:45:00,11.43284445,0.0,0.0,11.43284445,11.43284445
2024-01-24 17:00:00,11.25651936,0.0,0.0,11.25651936,11.25651936
2024-01-24 17:15:00,11.13688831,0.0,0.0,11.13688831,11.13688831
2024-01-24 17:30:00,10.971277400000002,0.0,0.0,10.971277400000002,10.971277400000002
2024-01-24 17:45:00,10.84588355,0.0,0.0,10.84588355,10.84588355
2024-01-24 18:00:00,10.78593617,0.0,0.0,10.78593617,10.78593617
2024-01-24 18:15:00,10.50164925,0.0,0.0,10.50164925,10.50164925
2024-01-24 18:30:00,10.35144242,0.0,0.0,10.35144242,10.35144242
2024-01-24 18:45:00,10.18629378,0.0,0.0,10.18629378,10.18629378
2024-01-24 19:00:00,9.996790327,0.0,0.8289,9.996790327,9.167890326999999
2024-01-24 19:15:00,9.793742804,0.0,0.8289000000000004,9.793742804,8.964842804
2024-01-24 19:30:00,9.598409414,0.0,0.8289000000000001,9.598409414,8.769509414
2024-01-25 06:45:00,9.869532218,0.0,0.0,9.869532218,9.869532218
2024-01-25 07:00:00,10.3016298,0.0,0.0,10.3016298,10.3016298
2024-01-25 07:15:00,10.34749509,0.0,0.0,10.34749509,10.34749509
2024-01-25 07:30:00,10.4867394,0.0,0.0,10.4867394,10.4867394
2024-01-25 07:45:00,10.601245209999998,0.0,0.0,10.601245209999998,10.601245209999998
2024-01-25 08:00:00,10.84888841,0.0,0.0,10.84888841,10.84888841
2024-01-25 08:15:00,10.77015096,0.0,0.0,10.77015096,10.77015096
2024-01-25 08:30:00,10.74728179,0.0,0.0,10.74728179,10.74728179
2024-01-25 08:45:00,10.77882743,0.0,0.0,10.77882743,10.77882743
2024-01-25 09:00:00,10.77702281,0.0,0.0,10.77702281,10.77702281
2024-01-25 09:15:00,10.74194425,0.0,0.0,10.74194425,10.74194425
2024-01-25 09:30:00,10.74474028,0.0,0.0,10.74474028,10.74474028
2024-01-25 09:45:00,10.6650659,0.0,0.0,10.6650659,10.6650659
2024-01-25 10:00:00,10.55099192,0.0,0.0,10.55099192,10.55099192
2024-01-25 10:15:00,10.29996894,0.0,0.0,10.29996894,10.29996894
2024-01-25 10:30:00,10.12050721,0.0,0.0,10.12050721,10.12050721
2024-01-25 10:45:00,10.06642499,0.0,0.0,10.06642499,10.06642499
2024-01-25 11:00:00,10.13764244,0.0,0.0,10.13764244,10.13764244
2024-01-25 11:15:00,9.984413337,0.0,0.0,9.984413337,9.984413337
2024-01-25 11:30:00,9.755982343,0.0,0.0,9.755982343,9.755982343
2024-01-25 11:45:00,9.758518676,0.0,0.0,9.758518676,9.758518676
2024-01-25 12:00:00,9.871535516,0.0,0.0,9.871535516,9.871535516
2024-01-25 12:15:00,9.87975489,0.0,0.0,9.87975489,9.87975489
2024-01-25 12:30:00,9.831062411,0.0,0.0,9.831062411,9.831062411
2024-01-25 12:45:00,9.842044019,0.0,0.0,9.842044019,9.842044019
2024-01-25 13:00:00,9.835600267,0.0,0.0,9.835600267,9.835600267
2024-01-25 13:15:00,9.891105225,0.0,0.0,9.891105225,9.891105225
2024-01-25 13:30:00,9.846359999,0.0,0.0,9.846359999,9.846359999
2024-01-25 13:45:00,9.923001804,0.0,0.0,9.923001804,9.923001804
2024-01-25 14:00:00,9.836439427,0.0,0.0,9.836439427,9.836439427
2024-01-25 14:15:00,9.850804772,0.0,0.8289000000000009,9.850804772,9.021904772
2024-01-25 14:30:00,9.80703165,0.0,0.8289000000000001,9.80703165,8.97813165
2024-01-25 14:45:00,9.589144837,0.0,0.8289000000000009,9.589144837,8.760244836999998
2024-01-25 15:30:00,9.788862249,0.0,0.0,9.788862249,9.788862249
2024-01-25 15:45:00,10.12615417,0.0,0.0,10.12615417,10.12615417
2024-01-25 16:00:00,10.275862,0.0,0.8289000000000026,10.275862,9.446961999999997
2024-01-25 16:15:00,10.64393849,0.0,0.0,10.64393849,10.64393849
2024-01-25 16:30:00,10.63301446,0.0,0.0,10.63301446,10.63301446
2024-01-25 16:45:00,10.40291843,0.0,0.0,10.40291843,10.40291843
2024-01-25 17:00:00,10.17271702,0.0,0.0,10.17271702,10.17271702
2024-01-25 17:15:00,10.07834086,0.0,0.0,10.07834086,10.07834086
2024-01-25 17:30:00,10.05970394,0.0,0.0,10.05970394,10.05970394
2024-01-25 17:45:00,9.818550945,0.0,0.0,9.818550945,9.818550945
2024-01-25 18:00:00,9.533733038,0.0,0.0,9.533733038,9.533733038
2024-01-26 06:45:00,9.623042968,0.0,0.0,9.623042968,9.623042968
2024-01-26 07:00:00,10.02807909,0.7542989999999996,0.0,10.78237809,10.02807909
2024-01-26 07:15:00,10.06275188,0.7542990000000005,0.0,10.81705088,10.06275188
2024-01-26 07:30:00,10.06525032,0.0,0.0,10.06525032,10.06525032
2024-01-26 07:45:00,10.06475438,0.0,0.0,10.06475438,10.06475438
2024-01-26 08:00:00,10.05543187,0.0,0.0,10.05543187,10.05543187
2024-01-26 08:15:00,9.822111220999998,0.0,0.0,9.822111220999998,9.822111220999998
2024-01-26 16:00:00,9.709443659,0.0,0.0,9.709443659,9.709443659
2024-01-26 16:15:00,10.25336686,0.0,0.0,10.25336686,10.25336686
2024-01-26 16:30:00,10.78670709,0.0,0.8289000000000001,10.78670709,9.95780709
2024-01-26 16:45:00,11.01691903,0.0,0.0,11.01691903,11.01691903
2024-01-26 17:00:00,10.80068453,0.0,0.0,10.80068453,10.80068453
2024-01-26 17:15:00,10.63149782,0.0,0.0,10.63149782,10.63149782
2024-01-26 17:30:00,10.59320184,0.0,0.0,10.59320184,10.59320184
2024-01-26 17:45:00,10.49313767,0.0,0.0,10.49313767,10.49313767
2024-01-26 18:00:00,10.3942285,0.0,0.0,10.3942285,10.3942285
2024-01-26 18:15:00,10.12922629,0.0,0.0,10.12922629,10.12922629
2024-01-26 18:30:00,9.869638963,0.0,0.0,9.869638963,9.869638963
2024-01-26 18:45:00,9.769992262,0.0,0.0,9.769992262,9.769992262
2024-01-26 19:00:00,9.576487993,0.0,0.0,9.576487993,9.576487993
2024-01-27 07:00:00,9.595523027,0.0,0.0,9.595523027,9.595523027
2024-01-27 07:15:00,9.708507598,0.0,3.552713678800501e-15,9.708507598,9.708507597999997
2024-01-27 07:30:00,9.732925956,0.0,0.0,9.732925956,9.732925956
2024-01-27 07:45:00,9.894088884,0.0,3.552713678800501e-15,9.894088884,9.894088883999997
2024-01-27 08:00:00,10.02390698,0.0,1.7763568394002505e-15,10.02390698,10.023906979999998
2024-01-27 08:15:00,9.848612925,0.0,0.0,9.848612925,9.848612925
2024-01-27 08:30:00,9.830785045,0.0,0.8288999999999991,9.830785045,9.001885045000002
2024-01-27 08:45:00,9.801557209,0.0,0.8289000000000001,9.801557209,8.972657209
2024-01-27 09:00:00,9.895887835,0.0,0.8289,9.895887835,9.066987834999999
2024-01-27 09:15:00,9.844045222999998,0.0,0.0,9.844045222999998,9.844045222999998
2024-01-27 09:30:00,9.650319863999998,0.0,8.881784197001252e-16,9.650319863999998,9.650319863999997
2024-01-27 16:15:00,9.633390976,0.7542989999999978,0.0,10.387689975999997,9.633390976
2024-01-27 16:30:00,10.10940704,0.7542990000000014,0.0,10.863706040000002,10.10940704
2024-01-27 16:45:00,10.21283485,0.0,1.7763568394002505e-15,10.21283485,10.212834849999998
2024-01-27 17:00:00,10.30240012,0.0,0.0,10.30240012,10.30240012
2024-01-27 17:15:00,10.07357434,0.0,0.0,10.07357434,10.07357434
2024-01-27 17:30:00,9.625999171,0.0,0.0,9.625999171,9.625999171
2024-01-27 17:45:00,9.721392978,0.0,0.0,9.721392978,9.721392978
2024-01-27 18:00:00,9.682743811,0.0,0.0,9.682743811,9.682743811
2024-02-06 07:30:00,9.525652978,0.0,0.0,9.525652978,9.525652978
2024-02-06 07:45:00,9.626551927,0.754299,0.0,10.380850927,9.626551927
2024-02-06 08:00:00,9.544906251,0.0,0.0,9.544906251,9.544906251
2024-02-06 16:30:00,9.878352383,0.0,0.0,9.878352383,9.878352383
2024-02-06 16:45:00,10.32633671,0.0,0.0,10.32633671,10.32633671
2024-02-06 17:00:00,10.32543576,0.0,0.0,10.32543576,10.32543576
2024-02-06 17:15:00,10.29657226,0.0,0.0,10.29657226,10.29657226
2024-02-06 17:30:00,10.33568136,0.0,0.0,10.33568136,10.33568136
2024-02-06 17:45:00,10.26685377,0.0,0.0,10.26685377,10.26685377
2024-02-06 18:00:00,10.12746064,0.0,0.0,10.12746064,10.12746064
2024-02-06 18:15:00,9.810958082,0.0,0.0,9.810958082,9.810958082
2024-02-06 18:30:00,9.628620297,0.0,0.0,9.628620297,9.628620297
2024-02-06 18:45:00,9.522382597,0.0,0.0,9.522382597,9.522382597
2024-02-07 06:45:00,9.524125101,0.0,0.8289000000000009,9.524125101,8.695225100999998
2024-02-07 07:00:00,9.665285011,0.0,0.0,9.665285011,9.665285011
2024-02-07 07:15:00,9.809910519,0.0,0.8288999999999991,9.809910519,8.981010519000002
2024-02-07 07:30:00,9.663772209,0.0,0.8289000000000001,9.663772209,8.834872208999998
2024-02-07 16:30:00,10.0109076,0.0,0.8289000000000001,10.0109076,9.182007599999999
2024-02-07 16:45:00,10.56335892,0.0,0.8289000000000004,10.56335892,9.73445892
2024-02-07 17:00:00,10.6166831,0.0,0.0,10.6166831,10.6166831
2024-02-07 17:15:00,10.685342,0.0,0.0,10.685342,10.685342
2024-02-07 17:30:00,10.55660362,0.0,0.0,10.55660362,10.55660362
2024-02-07 17:45:00,10.50784882,0.0,0.0,10.50784882,10.50784882
2024-02-07 18:00:00,10.30393799,0.0,0.0,10.30393799,10.30393799
2024-02-07 18:15:00,10.00091207,0.0,0.0,10.00091207,10.00091207
2024-02-07 18:30:00,9.948573721,0.0,0.0,9.948573721,9.948573721
2024-02-07 18:45:00,9.729133843,0.0,0.0,9.729133843,9.729133843
2024-02-07 19:00:00,9.60510646,0.7542989999999992,0.0,10.35940546,9.60510646
2024-02-08 07:00:00,9.542798049000002,0.0,0.0,9.542798049000002,9.542798049000002
2024-02-08 16:45:00,9.67693065,0.754299,0.0,10.431229649999999,9.67693065
2024-02-08 17:00:00,10.00441647,0.0,0.0,10.00441647,10.00441647
2024-02-08 17:15:00,10.06924682,0.0,0.0,10.06924682,10.06924682
2024-02-08 17:30:00,10.21482196,0.0,0.0,10.21482196,10.21482196
2024-02-08 17:45:00,10.26783169,0.0,0.0,10.26783169,10.26783169
2024-02-08 18:00:00,10.09447749,0.0,0.0,10.09447749,10.09447749
2024-02-08 18:15:00,9.740628484,0.0,0.0,9.740628484,9.740628484
2024-02-09 16:15:00,9.676714626,0.0,0.0,9.676714626,9.676714626
2024-02-09 16:30:00,10.00174818,0.0,0.0,10.00174818,10.00174818
2024-02-09 16:45:00,10.36560076,0.0,0.0,10.36560076,10.36560076
2024-02-09 17:00:00,10.61311877,0.0,0.0,10.61311877,10.61311877
2024-02-09 17:15:00,10.58706301,0.0,0.0,10.58706301,10.58706301
2024-02-09 17:30:00,10.56144912,0.0,0.0,10.56144912,10.56144912
2024-02-09 17:45:00,10.53268383,0.0,0.0,10.53268383,10.53268383
2024-02-09 18:00:00,10.27260682,0.0,0.0,10.27260682,10.27260682
2024-02-09 18:15:00,9.954352496,0.0,0.0,9.954352496,9.954352496
2024-02-09 18:30:00,9.68481998,0.0,0.0,9.68481998,9.68481998
2024-02-13 16:45:00,9.854521153,0.0,0.0,9.854521153,9.854521153
2024-02-13 17:00:00,10.03087826,0.0,0.0,10.03087826,10.03087826
2024-02-13 17:15:00,10.13994887,0.0,0.0,10.13994887,10.13994887
2024-02-13 17:30:00,10.15770995,0.0,0.0,10.15770995,10.15770995
2024-02-13 17:45:00,10.05776916,0.0,0.0,10.05776916,10.05776916
2024-02-13 18:00:00,9.831383175,0.0,0.0,9.831383175,9.831383175
2024-02-13 18:15:00,9.686832737,0.0,0.0,9.686832737,9.686832737
2024-02-14 16:45:00,9.657401248,0.0,0.8289000000000001,9.657401248,8.828501247999998
2024-02-14 17:00:00,9.909649458,0.0,0.0,9.909649458,9.909649458
2024-02-14 17:15:00,10.02555221,0.0,0.0,10.02555221,10.02555221
2024-02-14 17:30:00,9.931526457,0.0,0.0,9.931526457,9.931526457
2024-02-14 17:45:00,9.797901892,0.0,0.0,9.797901892,9.797901892
2024-02-14 18:00:00,9.642197246,0.0,0.0,9.642197246,9.642197246
2024-02-21 16:30:00,9.72701999,0.0,0.8289000000000001,9.72701999,8.89811999
2024-02-21 16:45:00,9.817808372,0.0,0.8288999999999991,9.817808372,8.988908372000001
2024-02-21 17:00:00,9.858902311,0.0,0.0,9.858902311,9.858902311
2024-02-21 17:15:00,9.92847496,0.0,0.0,9.92847496,9.92847496
2024-02-21 17:30:00,9.860240968,0.0,0.0,9.860240968,9.860240968
2024-02-21 17:45:00,9.841000992,0.0,0.0,9.841000992,9.841000992
2024-02-21 18:00:00,9.661574868,0.0,0.0,9.661574868,9.661574868
2024-02-22 16:45:00,9.981754375,0.754299,0.0,10.736053375,9.981754375
2024-02-22 17:00:00,10.0383698,0.0,0.0,10.0383698,10.0383698
2024-02-22 17:15:00,9.954454532,0.0,0.0,9.954454532,9.954454532
2024-02-22 17:30:00,9.841417795,0.0,0.0,9.841417795,9.841417795
2024-02-22 17:45:00,9.665205276999998,0.0,0.0,9.665205276999998,9.665205276999998
2024-03-07 16:45:00,9.75319825,0.754299,0.0,10.50749725,9.75319825
2024-03-07 17:00:00,9.961309995,0.0,0.0,9.961309995,9.961309995
2024-03-07 17:15:00,10.24182853,0.0,0.0,10.24182853,10.24182853
2024-03-07 17:30:00,10.25471817,0.0,0.0,10.25471817,10.25471817
2024-03-07 17:45:00,10.27654002,0.0,0.0,10.27654002,10.27654002
2024-03-07 18:00:00,10.19250207,0.0,0.0,10.19250207,10.19250207
2024-03-07 18:15:00,9.874566966,0.0,0.0,9.874566966,9.874566966
2024-03-07 18:30:00,9.826364888,0.0,0.0,9.826364888,9.826364888
2024-03-07 18:45:00,9.78527749,0.0,0.0,9.78527749,9.78527749
2024-03-09 16:15:00,9.652905832,0.0,0.8289,9.652905832,8.824005832000001
2024-03-09 16:45:00,9.7674029,0.0,0.8289000000000004,9.7674029,8.9385029
2024-03-09 17:00:00,9.541298133,0.0,0.0,9.541298133,9.541298133
2024-03-09 17:15:00,9.613331451,0.0,0.0,9.613331451,9.613331451
2024-03-15 17:45:00,9.52224886,0.0,0.0,9.52224886,9.52224886
2024-03-15 18:00:00,9.593414697,0.0,0.0,9.593414697,9.593414697
2024-10-30 16:15:00,9.589169692,0.7542990000000005,0.0,10.343468692000002,9.589169692
2024-10-30 16:30:00,9.995730984,0.0,0.0,9.995730984,9.995730984
2024-10-30 16:45:00,10.15614726,0.0,0.0,10.15614726,10.15614726
2024-10-30 17:00:00,9.99567625,0.0,0.0,9.99567625,9.99567625
2024-10-30 17:15:00,9.884836244,0.0,0.0,9.884836244,9.884836244
2024-10-30 17:30:00,9.787040831,0.0,0.0,9.787040831,9.787040831
2024-10-30 17:45:00,9.68146788,0.0,0.0,9.68146788,9.68146788
2024-10-30 18:00:00,9.560641148,0.0,0.0,9.560641148,9.560641148
2024-10-31 16:00:00,9.832579802,0.754299,0.0,10.586878802,9.832579802
2024-10-31 16:15:00,10.23731861,0.7542990000000005,0.0,10.991617610000002,10.23731861
2024-10-31 16:30:00,10.41576747,0.754299,0.0,11.17006647,10.41576747
2024-10-31 16:45:00,10.60431498,0.0,0.0,10.60431498,10.60431498
2024-10-31 17:00:00,10.42361596,0.0,0.0,10.42361596,10.42361596
2024-10-31 17:15:00,10.27804712,0.0,0.0,10.27804712,10.27804712
2024-10-31 17:30:00,10.12574308,0.0,0.0,10.12574308,10.12574308
2024-10-31 17:45:00,10.02786064,0.0,0.0,10.02786064,10.02786064
2024-10-31 18:00:00,9.657404803,0.0,0.0,9.657404803,9.657404803
2024-11-09 16:00:00,9.854998311,0.0,0.8289,9.854998311,9.026098310999998
2024-11-09 16:15:00,10.10209093,0.0,0.0,10.10209093,10.10209093
2024-11-09 16:30:00,10.37045188,0.0,0.0,10.37045188,10.37045188
2024-11-09 16:45:00,10.41936603,0.0,0.0,10.41936603,10.41936603
2024-11-09 17:00:00,10.31214519,0.0,0.0,10.31214519,10.31214519
2024-11-09 17:15:00,10.184584,0.0,0.0,10.184584,10.184584
2024-11-09 17:30:00,9.709528334,0.0,0.0,9.709528334,9.709528334
2024-11-10 16:30:00,9.889570323,0.0,0.0,9.889570323,9.889570323
2024-11-10 16:45:00,9.799165938,0.0,0.8289,9.799165938,8.970265938
2024-11-10 17:00:00,9.607887449,0.0,0.0,9.607887449,9.607887449
2024-11-10 17:15:00,9.61985972,0.0,0.0,9.61985972,9.61985972
2024-11-10 17:30:00,9.686864669,0.0,0.0,9.686864669,9.686864669
2024-11-14 16:15:00,10.01611976,0.0,0.0,10.01611976,10.01611976
2024-11-14 16:30:00,10.07067248,0.0,0.8289000000000001,10.07067248,9.24177248
2024-11-14 16:45:00,9.994994115,0.0,0.0,9.994994115,9.994994115
2024-11-14 17:00:00,10.09845055,0.0,0.0,10.09845055,10.09845055
2024-11-14 17:15:00,10.36325019,0.0,0.0,10.36325019,10.36325019
2024-11-14 17:30:00,10.22364767,0.0,0.0,10.22364767,10.22364767
2024-11-14 17:45:00,10.11118707,0.0,0.0,10.11118707,10.11118707
2024-11-14 18:00:00,9.950175015,0.0,0.0,9.950175015,9.950175015
2024-11-16 16:00:00,9.663529223,0.7542989999999996,0.0,10.417828222999999,9.663529223
2024-11-16 16:15:00,10.06554665,0.0,0.0,10.06554665,10.06554665
2024-11-16 16:30:00,10.43333957,0.0,0.0,10.43333957,10.43333957
2024-11-16 16:45:00,10.43778712,0.0,0.0,10.43778712,10.43778712
2024-11-16 17:00:00,10.28691831,0.0,0.0,10.28691831,10.28691831
2024-11-16 17:15:00,10.20384659,0.0,0.0,10.20384659,10.20384659
2024-11-16 17:30:00,10.08690954,0.0,0.0,10.08690954,10.08690954
2024-11-16 17:45:00,9.958377921,0.0,0.0,9.958377921,9.958377921
2024-11-16 18:00:00,9.933106943,0.0,0.0,9.933106943,9.933106943
2024-11-16 18:15:00,9.628793669,0.0,0.0,9.628793669,9.628793669
2024-11-17 16:00:00,9.553795998,0.0,0.0,9.553795998,9.553795998
2024-11-17 16:15:00,9.943074533,0.7542990000000014,0.0,10.697373533000002,9.943074533
2024-11-17 16:30:00,10.22381211,0.0,0.0,10.22381211,10.22381211
2024-11-17 16:45:00,10.31573011,0.0,0.0,10.31573011,10.31573011
2024-11-17 17:00:00,10.14661142,0.0,0.0,10.14661142,10.14661142
2024-11-17 17:15:00,9.987672684,0.0,0.0,9.987672684,9.987672684
2024-11-17 17:30:00,9.677080339,0.0,0.0,9.677080339,9.677080339
2024-11-17 17:45:00,9.559395501,0.0,0.0,9.559395501,9.559395501
2024-11-20 16:00:00,9.760081782,0.0,0.0,9.760081782,9.760081782
2024-11-20 16:15:00,10.25955849,0.7542989999999996,0.0,11.01385749,10.25955849
2024-11-20 16:30:00,10.48507099,0.0,0.0,10.48507099,10.48507099
2024-11-20 16:45:00,10.58290338,0.0,0.0,10.58290338,10.58290338
2024-11-20 17:00:00,10.34981379,0.0,0.0,10.34981379,10.34981379
2024-11-20 17:15:00,10.05726773,0.0,0.0,10.05726773,10.05726773
2024-11-20 17:30:00,10.01039163,0.0,0.0,10.01039163,10.01039163
2024-11-20 17:45:00,9.888432105,0.0,0.0,9.888432105,9.888432105
2024-11-20 18:00:00,9.662024025,0.0,0.0,9.662024025,9.662024025
2024-11-21 16:45:00,9.55744322,0.754299,0.0,10.31174222,9.55744322
2024-11-21 17:00:00,9.818450867,0.0,0.0,9.818450867,9.818450867
2024-11-21 17:15:00,9.807188371,0.0,0.0,9.807188371,9.807188371
2024-11-21 17:30:00,9.711514937,0.0,0.0,9.711514937,9.711514937
2024-11-26 17:00:00,9.535559747,0.0,0.0,9.535559747,9.535559747
2024-11-27 07:45:00,9.649072847,0.0,0.8289,9.649072847,8.820172846999998
2024-11-27 08:00:00,9.84003674,0.0,0.0,9.84003674,9.84003674
2024-11-27 08:15:00,9.872617091,0.754299,0.0,10.626916091,9.872617091
2024-11-27 08:30:00,9.989409569,0.754299,0.0,10.743708568999999,9.989409569
2024-11-27 08:45:00,10.16342927,1.1102230246251565e-15,0.0,10.163429270000002,10.16342927
2024-11-27 09:00:00,10.2292125,0.0,0.0,10.2292125,10.2292125
2024-11-27 09:15:00,10.23013575,2.220446049250313e-16,0.0,10.23013575,10.23013575
2024-11-27 09:30:00,10.18141679,0.0,0.0,10.18141679,10.18141679
2024-11-27 09:45:00,10.05601975,0.0,0.0,10.05601975,10.05601975
2024-11-27 10:00:00,9.984077433,0.0,0.0,9.984077433,9.984077433
2024-11-27 10:15:00,9.893377197,0.0,0.0,9.893377197,9.893377197
2024-11-27 10:30:00,9.964721364,0.0,0.0,9.964721364,9.964721364
2024-11-27 10:45:00,9.971377817,0.0,0.0,9.971377817,9.971377817
2024-11-27 11:00:00,9.947632179,0.5639136704027474,0.0,10.511545849402747,9.947632179
2024-11-27 11:15:00,9.975353163,0.754299,0.0,10.729652162999999,9.975353163
2024-11-27 11:30:00,9.924433721,0.754299,0.0,10.678732721,9.924433721
2024-11-27 11:45:00,9.677659191999998,0.754299,0.0,10.431958191999998,9.677659191999998
2024-11-27 12:00:00,9.672379436,0.0,0.0,9.672379436,9.672379436
2024-11-27 12:15:00,9.668095082,0.0,0.0,9.668095082,9.668095082
2024-11-27 12:30:00,9.636877387,0.0,0.0,9.636877387,9.636877387
2024-11-27 13:30:00,9.597448216999998,0.0,0.0,9.597448216999998,9.597448216999998
2024-11-27 13:45:00,9.600553385,0.0,0.0,9.600553385,9.600553385
2024-11-28 15:45:00,10.10244852,0.003316844079432002,0.0,10.105765364079431,10.10244852
2024-11-28 16:00:00,10.22956515,0.0,0.8289000000000001,10.22956515,9.40066515
2024-11-28 16:15:00,10.3478259,0.0,0.8289000000000009,10.3478259,9.5189259
2024-11-28 16:30:00,10.31568464,0.0,0.8289000000000001,10.31568464,9.48678464
2024-11-28 16:45:00,10.09869724,0.0,0.8288999999999991,10.09869724,9.26979724
2024-11-28 17:00:00,9.703329101,0.0,0.0,9.703329101,9.703329101
2024-11-28 17:15:00,10.03430186,0.0,0.0,10.03430186,10.03430186
2024-11-28 17:30:00,9.721693393,0.0,0.0,9.721693393,9.721693393
2024-11-29 09:45:00,9.720147785,0.754299,0.0,10.474446785,9.720147785
2024-11-29 15:00:00,9.663725242,0.754299,0.0,10.418024242,9.663725242
2024-11-29 15:15:00,9.868062765,0.0,0.0,9.868062765,9.868062765
2024-11-29 15:30:00,10.12635546,0.0,0.8289000000000001,10.12635546,9.297455459999998
2024-11-29 15:45:00,10.57518112,0.0,0.8289000000000009,10.57518112,9.746281119999999
2024-11-29 16:00:00,10.8727364,0.0,0.0,10.8727364,10.8727364
2024-11-29 16:15:00,11.3256419,0.0,0.0,11.3256419,11.3256419
2024-11-29 16:30:00,11.46745569,0.0,0.0,11.46745569,11.46745569
2024-11-29 16:45:00,11.53500948,0.0,0.0,11.53500948,11.53500948
2024-11-29 17:00:00,11.270990820000002,0.0,0.0,11.270990820000002,11.270990820000002
2024-11-29 17:15:00,11.17668049,0.0,0.0,11.17668049,11.17668049
2024-11-29 17:30:00,11.0029247,0.0,0.0,11.0029247,11.0029247
2024-11-29 17:45:00,10.82928778,0.0,0.0,10.82928778,10.82928778
2024-11-29 18:00:00,10.5452408,0.0,0.0,10.5452408,10.5452408
2024-11-29 18:15:00,10.31832822,0.0,0.0,10.31832822,10.31832822
2024-11-29 18:30:00,10.13572127,0.0,0.0,10.13572127,10.13572127
2024-11-29 18:45:00,10.02148994,0.0,0.0,10.02148994,10.02148994
2024-11-29 19:00:00,9.911313349,0.0,0.0,9.911313349,9.911313349
2024-11-29 19:15:00,9.655348128,0.0,0.0,9.655348128,9.655348128
2024-11-29 19:30:00,9.552391509,0.0,0.0,9.552391509,9.552391509
2024-11-30 06:45:00,9.588072504,0.0,0.0,9.588072504,9.588072504
2024-11-30 07:00:00,9.881375132,0.7542989999999996,0.0,10.635674132,9.881375132
2024-11-30 07:15:00,9.913415691,0.0,0.0,9.913415691,9.913415691
2024-11-30 07:30:00,9.970795273,0.0,0.8288999999999991,9.970795273,9.141895273000001
2024-11-30 07:45:00,10.01818909,0.0,0.8289,10.01818909,9.189289089999999
2024-11-30 08:00:00,9.998529987,0.754299,0.0,10.752828987,9.998529987
2024-11-30 08:15:00,9.757901592,0.0,0.0,9.757901592,9.757901592
2024-11-30 08:30:00,9.644472476,0.0,0.0,9.644472476,9.644472476
2024-11-30 08:45:00,9.574024306,0.0,0.0,9.574024306,9.574024306
2024-11-30 15:00:00,9.613611445,0.0,0.0,9.613611445,9.613611445
2024-11-30 15:15:00,9.813572499,0.0,0.8289000000000001,9.813572499,8.984672498999998
2024-11-30 15:30:00,10.03593393,0.0,0.8289000000000009,10.03593393,9.20703393
2024-11-30 15:45:00,10.45735869,0.0,0.8289000000000001,10.45735869,9.628458689999999
2024-11-30 16:00:00,10.79976821,0.0,0.0,10.79976821,10.79976821
2024-11-30 16:15:00,10.92773766,0.754299,0.0,11.68203666,10.92773766
2024-11-30 16:30:00,11.20660598,0.7542989999999996,0.0,11.96090498,11.20660598
2024-11-30 16:45:00,11.29152627,0.0,0.5292245024948539,11.29152627,10.762301767505146
2024-11-30 17:00:00,11.26014751,0.0,0.0,11.26014751,11.26014751
2024-11-30 17:15:00,11.0978739,0.0,0.0,11.0978739,11.0978739
2024-11-30 17:30:00,11.02003422,0.0,0.0,11.02003422,11.02003422
2024-11-30 17:45:00,10.99304789,0.0,0.0,10.99304789,10.99304789
2024-11-30 18:00:00,10.75845406,0.0,0.0,10.75845406,10.75845406
2024-11-30 18:15:00,10.48927474,0.0,0.0,10.48927474,10.48927474
2024-11-30 18:30:00,10.40941888,0.0,0.0,10.40941888,10.40941888
2024-11-30 18:45:00,10.29759659,0.0,0.0,10.29759659,10.29759659
2024-11-30 19:00:00,10.05389504,0.0,0.0,10.05389504,10.05389504
2024-11-30 19:15:00,9.733078865,0.0,0.0,9.733078865,9.733078865
2024-11-30 19:30:00,9.564076745,0.0,0.0,9.564076745,9.564076745
2024-12-01 06:45:00,9.628275659000002,0.0,8.881784197001252e-16,9.628275659000002,9.628275659
2024-12-01 07:00:00,9.834254534,0.0,0.0,9.834254534,9.834254534
2024-12-01 07:15:00,9.981663456,0.0,0.0,9.981663456,9.981663456
2024-12-01 07:30:00,10.13567975,0.0,0.0,10.13567975,10.13567975
2024-12-01 07:45:00,10.092265950000002,0.0,0.0,10.092265950000002,10.092265950000002
2024-12-01 08:00:00,10.13101853,0.0,8.881784197001252e-16,10.13101853,10.131018529999999
2024-12-01 08:15:00,9.787122777,0.0,0.0,9.787122777,9.787122777
2024-12-01 15:15:00,9.691157822,0.0,0.8289000000000001,9.691157822,8.862257821999998
2024-12-01 15:30:00,10.05304379,0.0,0.8289000000000001,10.05304379,9.22414379
2024-12-01 15:45:00,10.42427212,0.0,0.0,10.42427212,10.42427212
2024-12-01 16:00:00,10.55111312,0.0775330261845698,0.0,10.62864614618457,10.55111312
2024-12-01 16:15:00,10.7512533,0.0,1.3877787807814457e-17,10.7512533,10.7512533
2024-12-01 16:30:00,11.01691599,0.0,0.0,11.01691599,11.01691599
2024-12-01 16:45:00,11.09469318,0.0,0.0,11.09469318,11.09469318
2024-12-01 17:00:00,10.85812244,0.0,0.0,10.85812244,10.85812244
2024-12-01 17:15:00,10.7318633,0.0,0.0,10.7318633,10.7318633
2024-12-01 17:30:00,10.60919139,0.0,0.0,10.60919139,10.60919139
2024-12-01 17:45:00,10.44586754,0.0,0.0,10.44586754,10.44586754
2024-12-01 18:00:00,10.29552484,0.0,0.0,10.29552484,10.29552484
2024-12-01 18:15:00,10.05412435,0.0,0.0,10.05412435,10.05412435
2024-12-01 18:30:00,9.939542777,0.0,0.0,9.939542777,9.939542777
2024-12-01 18:45:00,9.908810236,0.0,0.0,9.908810236,9.908810236
2024-12-01 19:00:00,9.76755041,0.754299,0.0,10.52184941,9.76755041
2024-12-01 19:15:00,9.599558019,0.0,0.0,9.599558019,9.599558019
2024-12-01 19:30:00,9.522562507,0.0,0.0,9.522562507,9.522562507
2024-12-02 16:45:00,9.542088401,0.0,0.0,9.542088401,9.542088401
2024-12-04 16:00:00,9.67649573,0.0,0.0,9.67649573,9.67649573
2024-12-04 16:15:00,10.04776158,0.0,0.0,10.04776158,10.04776158
2024-12-04 16:30:00,10.56304743,0.0,0.0,10.56304743,10.56304743
2024-12-04 16:45:00,10.4241447,0.0,0.0,10.4241447,10.4241447
2024-12-04 17:00:00,10.15451881,0.0,0.0,10.15451881,10.15451881
2024-12-04 17:15:00,10.01734403,0.0,0.0,10.01734403,10.01734403
2024-12-04 17:30:00,9.930484748,0.0,0.0,9.930484748,9.930484748
2024-12-05 08:00:00,9.595515114,0.0,0.8288999999999991,9.595515114,8.766615114
2024-12-05 08:15:00,9.78077773,0.0,0.8289000000000001,9.78077773,8.95187773
2024-12-05 08:30:00,9.578630203,0.0,0.8289000000000004,9.578630203,8.749730202999999
2024-12-05 09:00:00,9.658310971,0.754299,0.0,10.412609971,9.658310971
2024-12-05 09:15:00,9.667711546,0.7542989999999992,0.0,10.422010546,9.667711546
2024-12-05 09:30:00,9.660299937,0.19407008950657725,0.0,9.854370026506578,9.660299937
2024-12-05 09:45:00,9.631116053,0.0,0.0,9.631116053,9.631116053
2024-12-05 10:00:00,9.579059619,0.0,0.0,9.579059619,9.579059619
2024-12-05 10:15:00,9.538672793,0.0,0.0,9.538672793,9.538672793
2024-12-05 10:45:00,9.695487936,0.0,0.0,9.695487936,9.695487936
2024-12-05 11:00:00,9.806375181,0.0,0.0,9.806375181,9.806375181
2024-12-05 11:15:00,9.687780115,0.0,0.8289000000000001,9.687780115,8.858880115
2024-12-05 11:30:00,9.663781162,0.0,0.8289,9.663781162,8.834881161999999
2024-12-05 12:00:00,9.668639707,0.0,0.0,9.668639707,9.668639707
2024-12-05 12:15:00,9.62288427,0.0,0.0,9.62288427,9.62288427
2024-12-05 12:30:00,9.785253208,0.0,0.0,9.785253208,9.785253208
2024-12-05 12:45:00,9.884683846,0.0,0.0,9.884683846,9.884683846
2024-12-05 13:00:00,9.866283726,0.0,0.0,9.866283726,9.866283726
2024-12-05 13:15:00,9.724512039,0.0,0.0,9.724512039,9.724512039
2024-12-05 13:30:00,9.756342352,0.0,0.0,9.756342352,9.756342352
2024-12-05 13:45:00,9.760446357,0.0,0.0,9.760446357,9.760446357
2024-12-05 14:00:00,9.823615597,0.0,0.0,9.823615597,9.823615597
2024-12-05 14:15:00,9.827943197,0.0,0.8289000000000001,9.827943197,8.999043196999999
2024-12-05 14:30:00,9.921979156,0.0,0.8289000000000001,9.921979156,9.093079156
2024-12-05 14:45:00,9.848309283,0.0,0.0,9.848309283,9.848309283
2024-12-05 15:00:00,9.82784526,0.0,0.0,9.82784526,9.82784526
2024-12-05 15:15:00,9.960002922,0.0,0.0,9.960002922,9.960002922
2024-12-05 15:30:00,10.17587918,0.0,0.0,10.17587918,10.17587918
2024-12-05 15:45:00,10.28618949,0.0,0.0,10.28618949,10.28618949
2024-12-05 16:00:00,10.41579274,0.0,0.0,10.41579274,10.41579274
2024-12-05 16:15:00,10.72055625,0.0,0.0,10.72055625,10.72055625
2024-12-05 16:30:00,10.68848183,0.0,0.0,10.68848183,10.68848183
2024-12-05 16:45:00,10.64910177,0.0,0.0,10.64910177,10.64910177
2024-12-05 17:00:00,10.76074833,0.0,0.0,10.76074833,10.76074833
2024-12-05 17:15:00,10.72687084,0.0,0.0,10.72687084,10.72687084
2024-12-05 17:30:00,10.5977876,0.0,0.0,10.5977876,10.5977876
2024-12-05 17:45:00,10.59364077,0.0,0.0,10.59364077,10.59364077
2024-12-05 18:00:00,10.23696628,0.0,0.0,10.23696628,10.23696628
2024-12-05 18:15:00,9.948191204,0.0,0.0,9.948191204,9.948191204
2024-12-05 18:30:00,9.873312025,0.0,0.0,9.873312025,9.873312025
2024-12-05 18:45:00,9.572115125,0.0,0.0,9.572115125,9.572115125
2024-12-06 07:15:00,9.675550965,0.0,0.8288999999999991,9.675550965,8.846650965
2024-12-06 07:30:00,9.712413674,0.0,0.8289000000000001,9.712413674,8.883513674
2024-12-06 07:45:00,10.02425679,0.0,0.8288999999999991,10.02425679,9.195356790000002
2024-12-06 08:00:00,10.18456787,0.0,0.8289000000000001,10.18456787,9.35566787
2024-12-06 08:15:00,10.17932541,0.0,0.8288999999999991,10.17932541,9.350425410000001
2024-12-06 15:15:00,9.575545287,0.0,0.8289000000000001,9.575545287,8.746645287
2024-12-06 15:30:00,10.08123134,0.0,0.8289,10.08123134,9.252331340000001
2024-12-06 15:45:00,10.35905531,0.0,0.8289000000000001,10.35905531,9.53015531
2024-12-06 16:00:00,10.73657866,0.0,0.8289,10.73657866,9.907678659999998
2024-12-06 16:15:00,10.99148736,0.0,0.8288999999999997,10.99148736,10.162587360000002
2024-12-06 16:30:00,11.24930849,0.0,0.8289000000000001,11.24930849,10.42040849
2024-12-06 16:45:00,11.25889148,0.0,0.8289000000000001,11.25889148,10.42999148
2024-12-06 17:00:00,10.93561405,0.0,0.0,10.93561405,10.93561405
2024-12-06 17:15:00,10.68445479,0.0,0.0,10.68445479,10.68445479
2024-12-06 17:30:00,10.66369043,0.0,0.0,10.66369043,10.66369043
2024-12-06 17:45:00,10.6183151,0.0,0.0,10.6183151,10.6183151
2024-12-06 18:00:00,9.69220856,0.0,0.0,9.69220856,9.69220856
2024-12-06 18:15:00,10.11951311,0.0,0.0,10.11951311,10.11951311
2024-12-06 18:30:00,10.30450229,0.0,0.0,10.30450229,10.30450229
2024-12-06 18:45:00,10.27655181,0.0,0.0,10.27655181,10.27655181
2024-12-06 19:00:00,10.03998942,0.0,0.0,10.03998942,10.03998942
2024-12-06 19:15:00,9.872587394,0.754299,0.0,10.626886394,9.872587394
2024-12-06 19:30:00,9.734389994,0.0,0.0,9.734389994,9.734389994
2024-12-07 07:00:00,9.882000828,0.754299,0.0,10.636299828,9.882000828
2024-12-07 07:15:00,9.950480148,0.0,0.0,9.950480148,9.950480148
2024-12-07 07:30:00,9.988773841,0.0,0.8289,9.988773841,9.159873841
2024-12-07 07:45:00,9.980288585,0.0,0.8289000000000001,9.980288585,9.151388585
2024-12-07 08:00:00,9.938994011,0.0,0.0,9.938994011,9.938994011
2024-12-07 08:15:00,10.180881520000002,0.754299,0.0,10.935180520000001,10.180881520000002
2024-12-07 08:30:00,10.09366811,0.0,0.0,10.09366811,10.09366811
2024-12-07 08:45:00,10.11018567,0.0,0.8289000000000001,10.11018567,9.281285669999999
2024-12-07 09:00:00,10.09052681,0.0,0.0,10.09052681,10.09052681
2024-12-07 09:15:00,10.0071373,0.754299,0.0,10.7614363,10.0071373
2024-12-07 09:30:00,9.857352446999998,0.754299,0.0,10.611651446999998,9.857352446999998
2024-12-07 09:45:00,9.727753962,0.754299,0.0,10.482052962,9.727753962
2024-12-07 10:00:00,9.659022793,0.0,0.0,9.659022793,9.659022793
2024-12-07 10:15:00,9.598375058,0.754299,0.0,10.352674058,9.598375058
2024-12-07 10:30:00,9.603614647,0.0,0.0,9.603614647,9.603614647
2024-12-07 14:45:00,9.531884002,0.0,0.0,9.531884002,9.531884002
2024-12-07 16:00:00,9.591409246,0.754299,0.0,10.345708246,9.591409246
2024-12-07 16:15:00,9.644087234,0.7542990000000014,0.0,10.398386234000002,9.644087234
2024-12-07 16:30:00,9.680320454,0.7542989999999996,0.0,10.434619454,9.680320454
2024-12-07 16:45:00,9.628243722,0.0,0.0,9.628243722,9.628243722
2024-12-08 07:30:00,9.523530169,0.0,0.8288999999999991,9.523530169,8.694630169000002
2024-12-08 07:45:00,9.736229952,0.0,0.8289000000000001,9.736229952,8.907329952
2024-12-08 08:00:00,9.805530619,0.0,0.0,9.805530619,9.805530619
2024-12-08 08:15:00,9.819405666,0.0,0.8289,9.819405666,8.990505666
2024-12-08 08:30:00,9.769639214,0.0,0.8289000000000001,9.769639214,8.940739213999999
2024-12-08 08:45:00,9.788940321,0.0,0.8289,9.788940321,8.960040321000001
2024-12-08 09:00:00,9.685330984,0.0,0.0,9.685330984,9.685330984
2024-12-08 09:15:00,9.868552076,0.0,0.8289,9.868552076,9.039652076
2024-12-08 09:30:00,9.80858409,0.0,0.0,9.80858409,9.80858409
2024-12-08 09:45:00,9.833534271,0.0,0.0,9.833534271,9.833534271
2024-12-08 10:00:00,9.670201584,0.0,0.0,9.670201584,9.670201584
2024-12-11 16:00:00,9.886739135,0.0,0.0,9.886739135,9.886739135
2024-12-11 16:15:00,10.23604701,0.0,0.8289000000000001,10.23604701,9.40714701
2024-12-11 16:30:00,10.55870965,0.0,0.8289000000000004,10.55870965,9.72980965
2024-12-11 16:45:00,10.54676388,0.0,0.8289000000000001,10.54676388,9.71786388
2024-12-11 17:00:00,10.49487118,0.0,0.0,10.49487118,10.49487118
2024-12-11 17:15:00,10.12831941,0.0,0.0,10.12831941,10.12831941
2024-12-11 17:30:00,9.857364688,0.0,0.0,9.857364688,9.857364688
2024-12-11 17:45:00,9.918753236,0.0,0.0,9.918753236,9.918753236
2024-12-12 17:15:00,9.856680458,0.0,0.0,9.856680458,9.856680458
2024-12-12 17:30:00,9.527881434,0.0,0.0,9.527881434,9.527881434
2024-12-13 07:15:00,9.521480473,0.754299,0.0,10.275779473,9.521480473
2024-12-13 07:30:00,9.715047796,0.0,0.0,9.715047796,9.715047796
2024-12-13 07:45:00,9.921218134999998,0.0,0.0,9.921218134999998,9.921218134999998
2024-12-13 08:00:00,10.11379433,0.0,0.0,10.11379433,10.11379433
2024-12-13 08:15:00,10.0750574,0.0,0.0,10.0750574,10.0750574
2024-12-13 08:30:00,9.819569537,0.0,0.0,9.819569537,9.819569537
2024-12-13 08:45:00,9.712478727,0.0,0.8289000000000001,9.712478727,8.883578727
2024-12-13 09:00:00,9.727142164,0.0,1.7763568394002505e-15,9.727142164,9.727142163999998
2024-12-13 09:15:00,9.67167456,0.0,0.0,9.67167456,9.67167456
2024-12-13 09:30:00,9.672498232,0.0,0.8289000000000001,9.672498232,8.843598232
2024-12-13 16:00:00,9.838444129,0.0,0.0,9.838444129,9.838444129
2024-12-13 16:15:00,10.1186407,0.0,0.8289000000000001,10.1186407,9.2897407
2024-12-13 16:30:00,9.927439074,0.0,0.0,9.927439074,9.927439074
2024-12-13 16:45:00,10.04584777,0.0,0.6901015556401972,10.04584777,9.355746214359803
2024-12-13 17:00:00,10.02994366,0.0,0.0,10.02994366,10.02994366
2024-12-13 17:15:00,9.708558561,0.0,0.0,9.708558561,9.708558561
2024-12-14 07:45:00,9.580792665,0.7542990000000005,0.0,10.335091665,9.580792665
2024-12-14 08:00:00,9.664820666,0.754299,0.0,10.419119666,9.664820666
2024-12-14 08:15:00,9.611988934,0.0,0.0,9.611988934,9.611988934
2024-12-14 14:45:00,9.527693704,0.0,0.0,9.527693704,9.527693704
2024-12-14 15:00:00,9.56400739,0.0,0.8289,9.56400739,8.73510739
2024-12-14 15:15:00,9.686984407,0.0,0.8289000000000001,9.686984407,8.858084407
2024-12-14 15:30:00,9.827585905,0.0,0.8289000000000002,9.827585905,8.998685904999999
2024-12-14 15:45:00,10.00105387,0.0,0.0,10.00105387,10.00105387
2024-12-14 16:00:00,10.11971051,0.0,0.0,10.11971051,10.11971051
2024-12-14 16:15:00,10.49373353,0.754299,0.0,11.24803253,10.49373353
2024-12-14 16:30:00,10.5895796,0.0,0.0,10.5895796,10.5895796
2024-12-14 16:45:00,10.79612577,0.0,0.0,10.79612577,10.79612577
2024-12-14 17:00:00,10.58322351,0.0,0.0,10.58322351,10.58322351
2024-12-14 17:15:00,10.31448122,0.0,0.0,10.31448122,10.31448122
2024-12-14 17:30:00,10.12281656,0.0,0.0,10.12281656,10.12281656
2024-12-14 17:45:00,10.20609376,0.0,0.0,10.20609376,10.20609376
2024-12-14 18:00:00,10.00354099,0.0,0.0,10.00354099,10.00354099
2024-12-14 18:15:00,9.784117555,0.0,0.0,9.784117555,9.784117555
2024-12-14 18:30:00,9.555566366,0.0,0.0,9.555566366,9.555566366
2024-12-15 16:45:00,9.728490922,0.0,0.8289,9.728490922,8.899590922000002
2024-12-15 17:00:00,9.600296011,0.0,0.0,9.600296011,9.600296011
2024-12-19 12:30:00,9.622258669,0.0,0.0,9.622258669,9.622258669
2024-12-19 12:45:00,9.697003972,0.0,0.0,9.697003972,9.697003972
2024-12-19 13:00:00,9.908964354,0.0,0.0,9.908964354,9.908964354
2024-12-19 13:15:00,9.767406185,0.0,0.0,9.767406185,9.767406185
2024-12-19 13:30:00,9.707922291,0.0,0.0,9.707922291,9.707922291
2024-12-19 13:45:00,9.637314345999998,0.0,0.0,9.637314345999998,9.637314345999998
2024-12-19 14:00:00,9.599563679,0.0,0.8289000000000001,9.599563679,8.770663678999998
2024-12-19 14:15:00,9.698264065,0.0,0.0,9.698264065,9.698264065
2024-12-19 14:30:00,9.792465272,0.0,0.8289000000000001,9.792465272,8.963565271999999
2024-12-19 14:45:00,9.741612699,0.0,0.8288999999999991,9.741612699,8.912712699
2024-12-19 15:00:00,9.783623357,0.0,0.0,9.783623357,9.783623357
2024-12-19 15:15:00,9.831244274,0.0,0.0,9.831244274,9.831244274
2024-12-19 15:30:00,10.02380436,0.0,0.0,10.02380436,10.02380436
2024-12-19 15:45:00,10.19337795,0.0,0.2292510026824981,10.19337795,9.964126947317503
2024-12-19 16:00:00,10.39364131,0.0,0.0,10.39364131,10.39364131
2024-12-19 16:15:00,10.62730523,0.0,0.0,10.62730523,10.62730523
2024-12-19 16:30:00,10.75074,0.0,0.0,10.75074,10.75074
2024-12-19 16:45:00,10.77218779,0.0,0.8289000000000001,10.77218779,9.94328779
2024-12-19 17:00:00,10.73347798,0.0,0.0,10.73347798,10.73347798
2024-12-19 17:15:00,10.57465574,0.0,0.0,10.57465574,10.57465574
2024-12-19 17:30:00,10.65360575,0.0,0.0,10.65360575,10.65360575
2024-12-19 17:45:00,10.42861231,0.0,0.0,10.42861231,10.42861231
2024-12-19 18:00:00,10.172541590000002,0.0,0.0,10.172541590000002,10.172541590000002
2024-12-19 18:15:00,9.906986662,0.0,0.0,9.906986662,9.906986662
2024-12-19 18:30:00,9.64374544,0.0,0.0,9.64374544,9.64374544
2024-12-29 17:00:00,9.569858361,0.0,0.0,9.569858361,9.569858361
